{
  "Get_Booking_Request" : {
    "transaction" : "Get_Booking_Request",
    "sampleCount" : 1000,
    "errorCount" : 0,
    "errorPct" : 0.0,
    "meanResTime" : 537.2279999999997,
    "medianResTime" : 315.5,
    "minResTime" : 240.0,
    "maxResTime" : 9684.0,
    "pct1ResTime" : 725.0,
    "pct2ResTime" : 897.1999999999975,
    "pct3ResTime" : 6736.940000000004,
    "throughput" : 5.2325064229016345,
    "receivedKBytesPerSec" : 2.1578723631437944,
    "sentKBytesPerSec" : 0.792029780810306
  },
  "Delete_Booking_Request" : {
    "transaction" : "Delete_Booking_Request",
    "sampleCount" : 500,
    "errorCount" : 81,
    "errorPct" : 16.2,
    "meanResTime" : 379.50200000000007,
    "medianResTime" : 314.0,
    "minResTime" : 239.0,
    "maxResTime" : 6223.0,
    "pct1ResTime" : 520.9000000000001,
    "pct2ResTime" : 660.0,
    "pct3ResTime" : 906.6000000000004,
    "throughput" : 2.8331340695704403,
    "receivedKBytesPerSec" : 0.687942500127491,
    "sentKBytesPerSec" : 0.6572926376053218
  },
  "Partial_Put_Booking_Request" : {
    "transaction" : "Partial_Put_Booking_Request",
    "sampleCount" : 500,
    "errorCount" : 81,
    "errorPct" : 16.2,
    "meanResTime" : 426.50799999999987,
    "medianResTime" : 319.0,
    "minResTime" : 241.0,
    "maxResTime" : 2130.0,
    "pct1ResTime" : 769.7000000000012,
    "pct2ResTime" : 899.6999999999999,
    "pct3ResTime" : 1689.4100000000024,
    "throughput" : 2.7911442574998047,
    "receivedKBytesPerSec" : 1.0759752083589187,
    "sentKBytesPerSec" : 0.8983995578827496
  },
  "Auth_Request" : {
    "transaction" : "Auth_Request",
    "sampleCount" : 500,
    "errorCount" : 81,
    "errorPct" : 16.2,
    "meanResTime" : 57961.15399999998,
    "medianResTime" : 35825.5,
    "minResTime" : 3520.0,
    "maxResTime" : 192832.0,
    "pct1ResTime" : 185603.3,
    "pct2ResTime" : 186683.9,
    "pct3ResTime" : 191727.22000000003,
    "throughput" : 2.520656782331204,
    "receivedKBytesPerSec" : 1.8921270751306962,
    "sentKBytesPerSec" : 0.5713964611869269
  },
  "Put_Booking_Request" : {
    "transaction" : "Put_Booking_Request",
    "sampleCount" : 500,
    "errorCount" : 81,
    "errorPct" : 16.2,
    "meanResTime" : 527.0460000000003,
    "medianResTime" : 322.0,
    "minResTime" : 239.0,
    "maxResTime" : 6839.0,
    "pct1ResTime" : 815.3000000000002,
    "pct2ResTime" : 1249.3999999999996,
    "pct3ResTime" : 5821.680000000016,
    "throughput" : 2.6922973373179335,
    "receivedKBytesPerSec" : 1.0378701067495895,
    "sentKBytesPerSec" : 1.2984550419998384
  },
  "Total" : {
    "transaction" : "Total",
    "sampleCount" : 4000,
    "errorCount" : 324,
    "errorPct" : 8.1,
    "meanResTime" : 7816.999250000002,
    "medianResTime" : 343.0,
    "minResTime" : 239.0,
    "maxResTime" : 192832.0,
    "pct1ResTime" : 24201.100000000002,
    "pct2ResTime" : 39220.049999999996,
    "pct3ResTime" : 186457.93,
    "throughput" : 19.636720667648504,
    "receivedKBytesPerSec" : 8.022118157830143,
    "sentKBytesPerSec" : 5.418330226742759
  },
  "Post_Booking_Request" : {
    "transaction" : "Post_Booking_Request",
    "sampleCount" : 500,
    "errorCount" : 0,
    "errorPct" : 0.0,
    "meanResTime" : 786.2860000000005,
    "medianResTime" : 329.0,
    "minResTime" : 239.0,
    "maxResTime" : 9356.0,
    "pct1ResTime" : 1194.7000000000012,
    "pct2ResTime" : 3630.949999999999,
    "pct3ResTime" : 8198.070000000002,
    "throughput" : 2.5853421441793607,
    "receivedKBytesPerSec" : 1.1392926196884146,
    "sentKBytesPerSec" : 1.2327083026323955
  },
  "Get Ids Request" : {
    "transaction" : "Get Ids Request",
    "sampleCount" : 500,
    "errorCount" : 0,
    "errorPct" : 0.0,
    "meanResTime" : 1381.042,
    "medianResTime" : 368.0,
    "minResTime" : 276.0,
    "maxResTime" : 9979.0,
    "pct1ResTime" : 4750.300000000001,
    "pct2ResTime" : 6195.7,
    "pct3ResTime" : 8357.52,
    "throughput" : 2.539282703421937,
    "receivedKBytesPerSec" : 0.6050634566747585,
    "sentKBytesPerSec" : 0.41908083679522207
  }
}