{
  "Get_Booking_Request" : {
    "transaction" : "Get_Booking_Request",
    "sampleCount" : 440,
    "errorCount" : 0,
    "errorPct" : 0.0,
    "meanResTime" : 1094.638636363637,
    "medianResTime" : 1039.0,
    "minResTime" : 283.0,
    "maxResTime" : 2883.0,
    "pct1ResTime" : 1839.900000000001,
    "pct2ResTime" : 2551.75,
    "pct3ResTime" : 2730.31,
    "throughput" : 19.51392584708178,
    "receivedKBytesPerSec" : 8.047718686247118,
    "sentKBytesPerSec" : 2.9537680725563247
  },
  "Delete_Booking_Request" : {
    "transaction" : "Delete_Booking_Request",
    "sampleCount" : 220,
    "errorCount" : 0,
    "errorPct" : 0.0,
    "meanResTime" : 900.4136363636369,
    "medianResTime" : 709.5,
    "minResTime" : 282.0,
    "maxResTime" : 2742.0,
    "pct1ResTime" : 1643.8,
    "pct2ResTime" : 1836.7999999999995,
    "pct3ResTime" : 2721.74,
    "throughput" : 10.319433369294995,
    "receivedKBytesPerSec" : 2.4992377691261316,
    "sentKBytesPerSec" : 2.4186171959285145
  },
  "Partial_Put_Booking_Request" : {
    "transaction" : "Partial_Put_Booking_Request",
    "sampleCount" : 220,
    "errorCount" : 0,
    "errorPct" : 0.0,
    "meanResTime" : 1081.8409090909088,
    "medianResTime" : 903.5,
    "minResTime" : 286.0,
    "maxResTime" : 2750.0,
    "pct1ResTime" : 1769.4,
    "pct2ResTime" : 2668.9,
    "pct3ResTime" : 2731.06,
    "throughput" : 10.246856078248719,
    "receivedKBytesPerSec" : 4.223871608639963,
    "sentKBytesPerSec" : 3.3224502940149048
  },
  "Auth_Request" : {
    "transaction" : "Auth_Request",
    "sampleCount" : 220,
    "errorCount" : 0,
    "errorPct" : 0.0,
    "meanResTime" : 6852.909090909095,
    "medianResTime" : 5938.0,
    "minResTime" : 1255.0,
    "maxResTime" : 22680.0,
    "pct1ResTime" : 12258.4,
    "pct2ResTime" : 14098.5,
    "pct3ResTime" : 17958.80999999999,
    "throughput" : 9.203480589022758,
    "receivedKBytesPerSec" : 2.4356867574464527,
    "sentKBytesPerSec" : 2.4896134015227576
  },
  "Put_Booking_Request" : {
    "transaction" : "Put_Booking_Request",
    "sampleCount" : 220,
    "errorCount" : 0,
    "errorPct" : 0.0,
    "meanResTime" : 1094.5681818181815,
    "medianResTime" : 1109.5,
    "minResTime" : 288.0,
    "maxResTime" : 2750.0,
    "pct1ResTime" : 1686.5,
    "pct2ResTime" : 1852.75,
    "pct3ResTime" : 2737.3199999999997,
    "throughput" : 10.164479763444835,
    "receivedKBytesPerSec" : 4.189824908173166,
    "sentKBytesPerSec" : 4.924367391078359
  },
  "Total" : {
    "transaction" : "Total",
    "sampleCount" : 1760,
    "errorCount" : 0,
    "errorPct" : 0.0,
    "meanResTime" : 1813.5329545454551,
    "medianResTime" : 1163.5,
    "minResTime" : 282.0,
    "maxResTime" : 22680.0,
    "pct1ResTime" : 3474.0000000000064,
    "pct2ResTime" : 7334.899999999996,
    "pct3ResTime" : 12808.33999999996,
    "throughput" : 65.67164179104478,
    "receivedKBytesPerSec" : 23.274654559235074,
    "sentKBytesPerSec" : 18.539310284514926
  },
  "Post_Booking_Request" : {
    "transaction" : "Post_Booking_Request",
    "sampleCount" : 220,
    "errorCount" : 0,
    "errorPct" : 0.0,
    "meanResTime" : 1181.5545454545456,
    "medianResTime" : 1178.5,
    "minResTime" : 287.0,
    "maxResTime" : 2753.0,
    "pct1ResTime" : 2094.4,
    "pct2ResTime" : 2673.2999999999997,
    "pct3ResTime" : 2730.16,
    "throughput" : 10.299143298534712,
    "receivedKBytesPerSec" : 4.541168777210805,
    "sentKBytesPerSec" : 4.9133057909273905
  },
  "Get Ids Request" : {
    "transaction" : "Get Ids Request",
    "sampleCount" : 220,
    "errorCount" : 0,
    "errorPct" : 0.0,
    "meanResTime" : 1207.7000000000003,
    "medianResTime" : 1198.5,
    "minResTime" : 313.0,
    "maxResTime" : 2887.0,
    "pct1ResTime" : 2478.8,
    "pct2ResTime" : 2670.9,
    "pct3ResTime" : 2727.91,
    "throughput" : 10.158378353419218,
    "receivedKBytesPerSec" : 2.420551092025673,
    "sentKBytesPerSec" : 1.6765292399686014
  }
}