{
  "Get_Booking_Request" : {
    "transaction" : "Get_Booking_Request",
    "sampleCount" : 900,
    "errorCount" : 0,
    "errorPct" : 0.0,
    "meanResTime" : 1637.010000000001,
    "medianResTime" : 1162.5,
    "minResTime" : 241.0,
    "maxResTime" : 12977.0,
    "pct1ResTime" : 2984.9,
    "pct2ResTime" : 3935.499999999999,
    "pct3ResTime" : 4909.460000000005,
    "throughput" : 20.9195295430245,
    "receivedKBytesPerSec" : 8.623812744061178,
    "sentKBytesPerSec" : 3.166530350750779
  },
  "Delete_Booking_Request" : {
    "transaction" : "Delete_Booking_Request",
    "sampleCount" : 450,
    "errorCount" : 0,
    "errorPct" : 0.0,
    "meanResTime" : 1264.6288888888878,
    "medianResTime" : 1071.0,
    "minResTime" : 240.0,
    "maxResTime" : 12429.0,
    "pct1ResTime" : 2629.6000000000004,
    "pct2ResTime" : 3262.15,
    "pct3ResTime" : 4634.270000000005,
    "throughput" : 13.94138422454923,
    "receivedKBytesPerSec" : 3.3764289918830164,
    "sentKBytesPerSec" : 3.2675119276287257
  },
  "Partial_Put_Booking_Request" : {
    "transaction" : "Partial_Put_Booking_Request",
    "sampleCount" : 450,
    "errorCount" : 0,
    "errorPct" : 0.0,
    "meanResTime" : 1472.6444444444453,
    "medianResTime" : 1114.0,
    "minResTime" : 243.0,
    "maxResTime" : 5635.0,
    "pct1ResTime" : 2661.2000000000003,
    "pct2ResTime" : 3393.199999999999,
    "pct3ResTime" : 5060.650000000002,
    "throughput" : 11.745360582569884,
    "receivedKBytesPerSec" : 4.841137880745438,
    "sentKBytesPerSec" : 3.8084484623365435
  },
  "Auth_Request" : {
    "transaction" : "Auth_Request",
    "sampleCount" : 450,
    "errorCount" : 0,
    "errorPct" : 0.0,
    "meanResTime" : 21649.79999999998,
    "medianResTime" : 22633.0,
    "minResTime" : 1736.0,
    "maxResTime" : 44006.0,
    "pct1ResTime" : 33512.8,
    "pct2ResTime" : 35543.35,
    "pct3ResTime" : 40164.44000000001,
    "throughput" : 9.605942876659693,
    "receivedKBytesPerSec" : 2.5421977730222434,
    "sentKBytesPerSec" : 2.598482594565171
  },
  "Put_Booking_Request" : {
    "transaction" : "Put_Booking_Request",
    "sampleCount" : 450,
    "errorCount" : 0,
    "errorPct" : 0.0,
    "meanResTime" : 1661.8111111111125,
    "medianResTime" : 1200.0,
    "minResTime" : 244.0,
    "maxResTime" : 6096.0,
    "pct1ResTime" : 3004.7000000000003,
    "pct2ResTime" : 3723.0,
    "pct3ResTime" : 4360.13,
    "throughput" : 11.010251767757088,
    "receivedKBytesPerSec" : 4.538073106542536,
    "sentKBytesPerSec" : 5.333735831946857
  },
  "Total" : {
    "transaction" : "Total",
    "sampleCount" : 3600,
    "errorCount" : 0,
    "errorPct" : 0.0,
    "meanResTime" : 4220.141666666659,
    "medianResTime" : 1637.0,
    "minResTime" : 240.0,
    "maxResTime" : 44006.0,
    "pct1ResTime" : 13729.700000000004,
    "pct2ResTime" : 24479.449999999997,
    "pct3ResTime" : 34271.979999999996,
    "throughput" : 73.97361607693256,
    "receivedKBytesPerSec" : 26.210286538599846,
    "sentKBytesPerSec" : 20.879928042678667
  },
  "Post_Booking_Request" : {
    "transaction" : "Post_Booking_Request",
    "sampleCount" : 450,
    "errorCount" : 0,
    "errorPct" : 0.0,
    "meanResTime" : 2068.146666666666,
    "medianResTime" : 2051.5,
    "minResTime" : 251.0,
    "maxResTime" : 7453.0,
    "pct1ResTime" : 3188.000000000001,
    "pct2ResTime" : 3735.0,
    "pct3ResTime" : 4657.000000000003,
    "throughput" : 10.336036015343272,
    "receivedKBytesPerSec" : 4.554271007993202,
    "sentKBytesPerSec" : 4.927741059328847
  },
  "Get Ids Request" : {
    "transaction" : "Get Ids Request",
    "sampleCount" : 450,
    "errorCount" : 0,
    "errorPct" : 0.0,
    "meanResTime" : 2370.0822222222223,
    "medianResTime" : 2443.0,
    "minResTime" : 252.0,
    "maxResTime" : 8208.0,
    "pct1ResTime" : 3947.2000000000003,
    "pct2ResTime" : 4278.849999999999,
    "pct3ResTime" : 5562.74,
    "throughput" : 10.086293847360752,
    "receivedKBytesPerSec" : 2.403374705816429,
    "sentKBytesPerSec" : 1.6646324806679367
  }
}